run,block,tier,said_inside,truth_inside,block_time,slowest_visible,confidence
L1_run_001,S10,B,1,0,366.7,332.3,0.24
L1_run_001,S14;S15,C,0,0,291.8,332.3,0.284
L1_run_002,S05,B,0,0,118.0,306.7,1.0
L1_run_002,S14;S15,C,0,0,155.7,306.7,1.0
L1_run_003,S02,B,1,0,331.6,211.6,1.0
L1_run_003,S12,B,0,0,71.2,211.6,1.0
L1_run_003,S17,B,0,0,69.2,211.6,1.0
L1_run_004,S04,B,0,0,182.6,218.4,0.314
L1_run_004,S10;S11,C,0,0,66.1,218.4,1.0
L1_run_005,S09;S10,C,1,0,271.8,268.9,0.021
L1_run_005,S16,B,0,0,69.4,268.9,1.0
L1_run_006,S11,B,0,0,99.3,257.8,1.0
L1_run_006,S17;S18,C,0,0,76.0,257.8,1.0
L1_run_007,S13,B,0,0,104.7,266.2,1.0
L1_run_007,S17;S18,C,0,0,81.9,266.2,1.0
L1_run_008,S05;S06;S07,C,0,0,219.7,322.7,0.663
L1_run_009,S07,B,0,0,68.0,353.1,1.0
L1_run_009,S10,B,0,0,58.4,353.1,1.0
L1_run_009,S15,B,0,0,89.7,353.1,1.0
L1_run_010,S04;S05,C,0,0,135.2,202.2,0.903
L1_run_010,S12,B,1,0,350.6,202.2,1.0
L1_run_011,S06,B,1,0,354.8,233.9,1.0
L1_run_011,S08,B,0,0,199.0,233.9,0.334
L1_run_011,S19,B,0,0,88.2,233.9,1.0
L1_run_012,S11,B,0,0,80.7,277.8,1.0
L1_run_012,S13;S14,C,0,0,82.9,277.8,1.0
L1_run_013,S02,B,1,0,295.9,267.4,0.261
L1_run_013,S11,B,0,0,73.3,267.4,1.0
L1_run_013,S14,B,0,0,103.7,267.4,1.0
L1_run_014,S09,B,0,0,327.8,346.7,0.127
L1_run_014,S13;S14,C,0,0,337.4,346.7,0.063
L1_run_015,S02,B,0,0,298.4,353.4,0.266
L1_run_015,S05,B,1,0,426.1,353.4,0.353
L1_run_015,S07,B,1,0,449.2,353.4,0.465
L1_run_016,S07;S08,C,1,0,246.9,245.3,0.014
L1_run_016,S12,B,1,0,315.2,245.3,0.665
L1_run_017,S04,B,0,0,138.3,215.5,0.956
L1_run_017,S06,B,0,0,203.1,215.5,0.153
L1_run_017,S16,B,0,0,124.8,215.5,1.0
L1_run_018,S13,B,1,0,409.7,266.5,1.0
L1_run_018,S16;S17,C,0,0,78.7,266.5,1.0
L1_run_019,S03,B,1,0,469.2,206.4,1.0
L1_run_019,S07,B,0,0,67.4,206.4,1.0
L1_run_019,S16,B,0,0,79.3,206.4,1.0
L1_run_020,S11;S12,C,1,0,331.2,322.1,0.068
L1_run_020,S18,B,0,0,80.6,322.1,1.0
L1_run_021,S04,B,0,0,118.8,242.8,1.0
L1_run_021,S15,B,0,1,177.3,242.8,0.561
L1_run_021,S19,B,0,0,120.3,242.8,1.0
L1_run_022,S03,B,1,0,275.2,271.9,0.024
L1_run_022,S14;S15,C,0,0,101.7,271.9,1.0
L1_run_023,S04;S05,C,0,0,234.0,356.3,0.909
L1_run_023,S19,B,0,0,273.5,356.3,0.616
L1_run_024,S02,B,0,0,233.0,243.9,0.081
L1_run_024,S16;S17,C,0,0,89.3,243.9,1.0
L1_run_025,S06,B,1,0,281.0,241.5,0.33
L1_run_025,S11,B,0,0,228.1,241.5,0.112
L1_run_025,S17,B,1,0,254.6,241.5,0.109
L1_run_026,S02;S03,C,0,0,211.2,233.9,0.192
L1_run_026,S09,B,0,0,143.2,233.9,0.765
L1_run_027,S07,B,1,0,289.6,171.9,1.0
L1_run_027,S11;S12,C,0,0,141.7,171.9,0.367
L1_run_028,S09,B,1,0,355.8,259.4,0.85
L1_run_028,S15;S16,C,0,0,110.8,259.4,1.0
L1_run_029,S03,B,0,0,240.5,242.6,0.019
L1_run_029,S08,B,0,0,200.3,242.6,0.403
L1_run_029,S12,B,0,0,86.9,242.6,1.0
L1_run_030,S11,B,1,0,357.2,251.4,0.972
L1_run_030,S14;S15,C,0,0,155.2,251.4,0.884
L1_run_031,S03,B,1,0,319.9,205.8,1.0
L1_run_031,S10,B,0,0,200.3,205.8,0.056
L1_run_031,S13,B,0,0,97.0,205.8,1.0
L1_run_032,S05;S06,C,0,0,160.7,252.1,0.897
L1_run_032,S10,B,0,0,154.1,252.1,0.961
L1_run_033,S02,B,1,0,236.9,222.7,0.142
L1_run_033,S17,B,0,0,91.1,222.7,1.0
L1_run_033,S19,B,0,0,86.6,222.7,1.0
L1_run_034,S02;S03,C,0,0,191.9,247.3,0.483
L1_run_034,S16,B,0,0,175.5,247.3,0.626
L1_run_035,S10,B,0,0,149.1,200.7,0.518
L1_run_035,S15,B,0,0,109.0,200.7,0.921
L1_run_035,S19,B,0,1,126.6,200.7,0.744
L1_run_036,S05,B,1,0,264.3,224.5,0.383
L1_run_036,S12;S13,C,0,0,87.5,224.5,1.0
L1_run_037,S04,B,1,0,384.0,254.4,1.0
L1_run_037,S10,B,0,0,102.6,254.4,1.0
L1_run_037,S16,B,0,0,200.6,254.4,0.418
L1_run_038,S02,B,1,0,320.0,247.3,0.682
L1_run_038,S18;S19,C,0,0,169.3,247.3,0.733
L1_run_039,S10,B,0,0,197.2,224.4,0.267
L1_run_039,S13,B,0,0,160.2,224.4,0.63
L1_run_039,S16,B,0,0,139.9,224.4,0.828
L1_run_040,S04,B,0,0,66.9,245.6,1.0
L1_run_040,S06;S07,C,0,0,97.4,245.6,1.0
L1_run_041,S09,B,1,0,319.2,234.7,0.686
L1_run_041,S12;S13,C,1,0,317.0,234.7,0.668
L1_run_042,S09;S10,C,0,0,257.4,258.2,0.006
L1_run_042,S13,B,0,0,69.3,258.2,1.0
L1_run_043,S05,B,1,0,347.8,194.7,1.0
L1_run_043,S12,B,0,0,162.6,194.7,0.33
L1_run_043,S14,B,0,0,94.3,194.7,1.0
L1_run_044,S04;S05,C,1,0,272.9,234.5,0.324
L1_run_044,S08,B,0,0,210.3,234.5,0.204
L1_run_045,S07;S08,C,0,0,139.9,219.8,0.827
L1_run_045,S17,B,0,0,126.2,219.8,0.97
L1_run_046,S08;S09,C,1,0,191.0,158.9,0.522
L1_run_046,S12,B,0,0,146.9,158.9,0.194
L1_run_047,S03,B,1,0,450.8,182.0,1.0
L1_run_047,S12,B,1,0,199.3,182.0,0.225
L1_run_047,S17,B,0,0,164.0,182.0,0.234
L1_run_048,S07;S08,C,0,0,184.0,265.0,0.749
L1_run_048,S16,B,0,0,130.3,265.0,1.0
L1_run_049,S04,B,0,0,98.0,182.4,1.0
L1_run_049,S07,B,0,0,100.4,182.4,1.0
L1_run_049,S14,B,1,0,215.7,182.4,0.481
L1_run_050,S02;S03,C,0,0,160.7,236.5,0.906
L1_run_050,S07,B,0,0,142.8,236.5,1.0
L1_run_051,S04,B,1,0,344.4,237.4,1.0
L1_run_051,S09,B,1,0,327.9,237.4,0.882
L1_run_051,S17,B,0,0,157.2,237.4,0.782
L1_run_052,S05;S06,C,0,0,257.4,266.2,0.086
L1_run_052,S10,B,0,0,147.0,266.2,1.0
L1_run_053,S06,B,0,0,245.7,246.4,0.007
L1_run_053,S12,B,0,0,229.0,246.4,0.161
L1_run_053,S17,B,0,0,217.7,246.4,0.264
L1_run_054,S10;S11,C,0,0,93.2,181.0,1.0
L1_run_054,S18,B,0,0,87.3,181.0,1.0
L1_run_055,S05,B,0,0,111.0,131.4,0.419
L1_run_055,S13,B,0,0,80.3,131.4,1.0
L1_run_055,S16,B,0,0,117.8,131.4,0.28
L1_run_056,S10,B,0,0,79.3,193.1,1.0
L1_run_056,S15;S16,C,0,1,143.3,193.1,0.653
L1_run_057,S11,B,0,0,74.1,272.1,1.0
L1_run_057,S16,B,0,0,85.2,272.1,1.0
L1_run_057,S19,B,0,1,127.0,272.1,1.0
L1_run_058,S10,B,0,0,81.4,249.9,1.0
L1_run_058,S14;S15,C,0,0,133.8,249.9,1.0
L1_run_059,S05,B,1,0,249.9,148.3,1.0
L1_run_059,S07,B,1,0,173.3,148.3,0.477
L1_run_059,S19,B,0,1,133.6,148.3,0.281
L1_run_060,S09,B,0,0,91.0,256.1,1.0
L1_run_060,S13;S14,C,0,0,143.8,256.1,0.885
